name,n_mutants,spearman,ndcg,top_recall_10pct,mean_plddt,fold,p0,T
A0A140D2T1_ZIKV_Sourisseau_2019,9576,0.27156706613866327,0.25556035495399587,0.1315240083507307,64.34284973144531,0,40.0,10.0
A0A192B1T2_9HIV1_Haddox_2018,12577,0.44099721841092204,0.8166628746020446,0.15659777424483307,74.73258972167969,2,40.0,10.0
A0A1I9GEU1_NEIME_Kennouche_2019,922,0.07624747613234484,0.5810286405566496,0.13978494623655913,93.31192016601562,2,40.0,10.0
A0A247D711_LISMN_Stadelmann_2021,1653,0.5084937369805898,0.9447229003161202,0.15060240963855423,91.35069274902344,3,40.0,10.0
A0A2Z5U3Z0_9INFA_Doud_2016,10715,0.4832850915800207,0.8592039075548898,0.16044776119402984,86.60649871826172,3,40.0,10.0
A0A2Z5U3Z0_9INFA_Wu_2014,2350,0.3728418847142118,0.1026364629434553,0.1574468085106383,86.60527801513672,1,40.0,10.0
A4D664_9INFA_Soh_2019,14421,0.29051090854117456,0.10683660769600226,0.13513513513513514,91.17082214355469,0,40.0,10.0
A4GRB6_PSEAI_Chen_2020,5004,0.648638567365604,0.8408976200097737,0.18962075848303392,91.02559661865234,4,40.0,10.0
A4_HUMAN_Seuma_2022,14811,0.43692885036750684,0.8340706425768656,0.1659919028340081,66.71468353271484,2,40.0,10.0
AACC1_PSEAI_Dandage_2018,1801,0.3801128922190598,0.7775301149771773,0.17679558011049723,89.28068542480469,1,40.0,10.0
ACE2_HUMAN_Chan_2020,2223,0.2249346672499656,0.7740652300461381,0.09865470852017937,89.89033508300781,1,40.0,10.0
ADRB2_HUMAN_Jones_2020,7800,0.525594032845914,0.8046834217545437,0.16666666666666666,76.81987762451172,2,40.0,10.0
AICDA_HUMAN_Gajula_2014_3cycles,209,0.3877885244972203,0.15689859286248725,0.19047619047619047,88.91484069824219,4,40.0,10.0
AMFR_HUMAN_Tsuboyama_2023_4G3O,2972,0.4809066583118619,0.936942953290774,0.4798657718120805,97.41511535644531,1,40.0,10.0
AMIE_PSEAE_Wrenbeck_2017,6227,0.4859362568897726,0.9574667740135823,0.18138041733547353,97.87737274169922,4,40.0,10.0
ANCSZ_Hobbs_2022,4670,0.5917803261401108,0.9613072242155617,0.15203426124197003,81.4455337524414,2,40.0,10.0
ARGR_ECOLI_Tsuboyama_2023_1AOY,1287,0.6194241442736947,0.9400277927611906,0.27906976744186046,92.61566162109375,2,40.0,10.0
B2L11_HUMAN_Dutta_2010_binding-Mcl-1,170,0.3317725221511838,,0.35294117647058826,58.768436431884766,0,40.0,10.0
BBC1_YEAST_Tsuboyama_2023_1TG0,2069,0.5472018233067758,0.8736379778599747,0.3671497584541063,97.31828308105469,1,40.0,10.0
BCHB_CHLTE_Tsuboyama_2023_2KRU,1572,0.6871421532252318,0.9521715017461293,0.37341772151898733,92.06346130371094,3,40.0,10.0
BLAT_ECOLX_Deng_2012,4996,0.4979051485958949,0.7943848545578537,0.278,94.34461975097656,3,40.0,10.0
BLAT_ECOLX_Firnberg_2014,4783,0.7664431057967731,0.9063341748464945,0.2776617954070981,94.30803680419922,3,40.0,10.0
BLAT_ECOLX_Jacquier_2013,989,0.6708980307634406,0.9047247418583779,0.1414141414141414,94.34461975097656,3,40.0,10.0
BLAT_ECOLX_Stiffler_2015,4996,0.760283036643017,0.9651742828798107,0.288,94.34461975097656,2,40.0,10.0
BRCA1_HUMAN_Findlay_2018,1837,0.49445643093002417,0.9362645223506615,0.15760869565217392,39.25905227661133,3,40.0,10.0
BRCA2_HUMAN_Erwood_2022_HEK293T,265,0.1291949857491069,0.9747156571399208,0.1111111111111111,38.99436950683594,0,40.0,10.0
C6KNH7_9INFA_Lee_2018,10754,0.4438528846112492,0.8746365271627932,0.15427509293680297,85.72306823730469,3,40.0,10.0
CALM1_HUMAN_Weile_2017,1813,0.20735731580087913,0.9522924061846361,0.08241758241758242,83.27376556396484,3,40.0,10.0
CAPSD_AAV2S_Sinai_2021,42328,0.33967007245255654,0.658584763048566,0.14150720529175526,85.21765899658203,1,40.0,10.0
CAR11_HUMAN_Meitlis_2020_gof,2374,0.35953112384856845,0.7036723340138967,0.08403361344537816,70.4814682006836,4,40.0,10.0
CAR11_HUMAN_Meitlis_2020_lof,2395,0.4743977739840346,0.8912026302892639,0.0875,70.44123840332031,2,40.0,10.0
CAS9_STRP1_Spencer_2017_positive,8117,0.1698022001684719,0.8821897088678567,0.10467980295566502,87.79644775390625,4,40.0,10.0
CASP3_HUMAN_Roychowdhury_2020,1567,0.5496449028892342,0.9234946518005555,0.2229299363057325,88.63593292236328,4,40.0,10.0
CASP7_HUMAN_Roychowdhury_2020,1680,0.5164954504508905,0.8070127127011026,0.14285714285714285,83.18712615966797,4,40.0,10.0
CATR_CHLRE_Tsuboyama_2023_2AMI,1903,0.7346273731481449,0.9168175121691596,0.193717277486911,94.2004165649414,3,40.0,10.0
CBPA2_HUMAN_Tsuboyama_2023_1O6X,2068,0.8684650255356513,0.9615235950336227,0.3864734299516908,93.34833526611328,1,40.0,10.0
CBS_HUMAN_Sun_2020,7217,0.2952229333717444,0.8463569244107703,0.1149584487534626,91.29949188232422,0,40.0,10.0
CBX4_HUMAN_Tsuboyama_2023_2K28,2282,0.6076662829160796,0.9334571457600944,0.5109170305676856,94.806396484375,2,40.0,10.0
CCDB_ECOLI_Adkar_2012,1176,0.4150246119039865,0.7204615727428382,0.1864406779661017,95.96742248535156,2,40.0,10.0
CCDB_ECOLI_Tripathi_2016,1663,0.4845725315340634,0.9881711154728618,0.12574850299401197,95.96742248535156,0,40.0,10.0
CCR5_HUMAN_Gill_2023,6137,0.36641387801356995,0.9009790663567233,0.16123778501628663,82.46289825439453,3,40.0,10.0
CD19_HUMAN_Klesmith_2019_FMC_singles,3761,0.2772976510859061,0.3650295949314426,0.23872679045092837,61.50908279418945,0,40.0,10.0
CP2C9_HUMAN_Amorosi_2021_abundance,6370,0.6327701786086106,0.9679991653075104,0.19937205651491366,93.41902160644531,1,40.0,10.0
CP2C9_HUMAN_Amorosi_2021_activity,6142,0.6531988095194793,0.9463414270166204,0.25365853658536586,93.41902160644531,2,40.0,10.0
CSN4_MOUSE_Tsuboyama_2023_1UFM,3295,0.7527332229413254,0.9446125912130323,0.4727272727272727,93.27791595458984,2,40.0,10.0
CUE1_YEAST_Tsuboyama_2023_2MYX,1580,0.6400953766716971,0.9065521570879667,0.37341772151898733,97.00135040283203,3,40.0,10.0
D7PM05_CLYGR_Somermeyer_2022,24515,0.5252139820696236,,0.21533442088091354,97.0943832397461,4,40.0,10.0
DLG4_HUMAN_Faure_2021,6976,0.7394433810871411,0.9762638561557554,0.3223495702005731,77.13037109375,2,40.0,10.0
DLG4_RAT_McLaughlin_2012,1576,0.52456244467292,0.9779446781784882,0.10126582278481013,77.40716552734375,2,40.0,10.0
DN7A_SACS2_Tsuboyama_2023_1JIC,1008,0.6962278374845803,0.9662934249441172,0.44554455445544555,89.91655731201172,4,40.0,10.0
DNJA1_HUMAN_Tsuboyama_2023_2LO1,2264,0.8440839423251254,0.9486374119683593,0.3920704845814978,89.92707824707031,1,40.0,10.0
DOCK1_MOUSE_Tsuboyama_2023_2M0Y,2915,0.5933997020645866,0.9165161660096474,0.4520547945205479,92.51258087158203,4,40.0,10.0
DYR_ECOLI_Nguyen_2023,2916,0.46523642110407654,0.9868592653447622,0.1780821917808219,96.318115234375,2,40.0,10.0
DYR_ECOLI_Thompson_2019,2363,0.47995812873892824,0.9356086087502158,0.19831223628691982,96.318115234375,1,40.0,10.0
ENVZ_ECOLI_Ghose_2023,1121,0.2492105315316688,0.937158755577363,0.09734513274336283,92.43216705322266,1,40.0,10.0
ENV_HV1B9_DuenasDecamp_2016,375,0.25778160059338306,0.7503313692898885,0.07894736842105263,73.97183990478516,2,40.0,10.0
ENV_HV1BR_Haddox_2016,12863,0.2896183406013479,0.7582107601198677,0.13131313131313133,74.22402954101562,4,40.0,10.0
EPHB2_HUMAN_Tsuboyama_2023_1F0M,1960,0.8509874945727719,0.9624160581365482,0.4336734693877551,97.2713623046875,3,40.0,10.0
ERBB2_HUMAN_Elazar_2016,326,0.5971676951512633,0.9056053737165874,0.15151515151515152,73.24974822998047,4,40.0,10.0
ESTA_BACSU_Nutschel_2020,2172,0.3357052237427317,0.7926775496758762,0.20642201834862386,91.70472717285156,4,40.0,10.0
F7YBW7_MESOW_Ding_2023,7922,0.6916396244499438,0.9590605386891581,0.39848675914249687,93.63645935058594,1,40.0,10.0
F7YBW8_MESOW_Aakre_2015,9192,0.10417401842122266,0.7115465283763744,0.05,93.63645935058594,4,40.0,10.0
FECA_ECOLI_Tsuboyama_2023_2D1U,1886,0.5967063205676325,0.8303259965487924,0.2751322751322751,93.51472473144531,3,40.0,10.0
FKBP3_HUMAN_Tsuboyama_2023_2KFV,1237,0.5970864466968859,0.9240290969172064,0.1532258064516129,91.23188781738281,3,40.0,10.0
GAL4_YEAST_Kitzman_2015,1195,0.5857400537673297,0.5822953762048101,0.21666666666666667,66.09046173095703,2,40.0,10.0
GCN4_YEAST_Staller_2018,2638,0.2414454538953489,0.8890362231019611,0.1893939393939394,62.67597579956055,0,40.0,10.0
GDIA_HUMAN_Silverstein_2021,1154,0.4075795936842922,0.9623591897477399,0.11206896551724138,94.44818878173828,3,40.0,10.0
GFP_AEQVI_Sarkisyan_2016,51714,0.687600022366533,0.9734182464080035,0.2536736272235112,96.86991119384766,3,40.0,10.0
GLPA_HUMAN_Elazar_2016,245,0.576941468310635,0.8899522058373853,0.4,58.305274963378906,0,40.0,10.0
GRB2_HUMAN_Faure_2021,63366,0.7180986143879872,0.975017409398119,0.40445005523118194,88.25515747070312,4,40.0,10.0
HCP_LAMBD_Tsuboyama_2023_2L6Q,1040,0.697019914319163,0.9595333678166084,0.3269230769230769,86.32073211669922,1,40.0,10.0
HECD1_HUMAN_Tsuboyama_2023_3DKM,5586,0.26229540829255327,0.9020116810644793,0.5348837209302325,94.04110717773438,0,40.0,10.0
HEM3_HUMAN_Loggerenberg_2023,5689,0.38224655058605755,0.8862649986204234,0.13005272407732865,91.45033264160156,0,40.0,10.0
HIS7_YEAST_Pokusaeva_2019,496137,0.5530443518672872,0.9796255233841564,0.20425686298222276,95.25495910644531,4,40.0,10.0
HMDH_HUMAN_Jiang_2019,16853,0.32886172163067234,0.9322825731929266,0.11862396204033215,76.59834289550781,0,40.0,10.0
HSP82_YEAST_Cote-Hammarlof_2020_growth-H2O2,2252,0.22667802507300686,0.9854893536345501,0.13716814159292035,84.9645004272461,0,40.0,10.0
HSP82_YEAST_Flynn_2019,13294,0.34136985410404513,0.9557337398879386,0.11503759398496241,84.9645004272461,4,40.0,10.0
HSP82_YEAST_Mishra_2016,4323,0.42841689799948746,0.9834100030589029,0.10854503464203233,84.9645004272461,4,40.0,10.0
HXK4_HUMAN_Gersing_2022_activity,8570,0.4795492314855115,0.7201717090681601,0.13768961493582263,94.04448699951172,4,40.0,10.0
HXK4_HUMAN_Gersing_2023_abundance,8396,0.3978180366423507,0.9702157073218436,0.15,94.04448699951172,3,40.0,10.0
I6TAH8_I68A0_Doud_2015,9462,0.2629746965835196,0.8339358689035248,0.15100316789862725,87.02687072753906,1,40.0,10.0
IF1_ECOLI_Kelsic_2016,1367,0.43559957935907195,0.9809765693982501,0.10948905109489052,85.27263641357422,3,40.0,10.0
ILF3_HUMAN_Tsuboyama_2023_2L33,1329,0.5265419320827839,0.9146675818179788,0.13533834586466165,94.51859283447266,2,40.0,10.0
ISDH_STAAW_Tsuboyama_2023_2LHR,1944,0.5890429675208027,0.9505405328741445,0.3333333333333333,91.35236358642578,0,40.0,10.0
KCNE1_HUMAN_Muhammad_2023_expression,2339,0.28810649688227585,0.9039049036024421,0.1623931623931624,68.3093032836914,1,40.0,10.0
KCNE1_HUMAN_Muhammad_2023_function,2315,0.34588070903105417,0.9426255748931748,0.16379310344827586,68.3093032836914,3,40.0,10.0
KCNH2_HUMAN_Kozek_2020,200,0.683745593639841,,0.3,61.26321029663086,3,40.0,10.0
KCNJ2_MOUSE_Coyote-Maestas_2022_function,6963,0.22369649436805758,0.8975855402193684,0.10329985652797705,80.52477264404297,1,40.0,10.0
KCNJ2_MOUSE_Coyote-Maestas_2022_surface,6917,0.3630676675469103,0.8029914187596123,0.11560693641618497,80.4336929321289,2,40.0,10.0
KKA2_KLEPN_Melnikov_2014,4960,0.5484377062755135,0.8000453824797876,0.1935483870967742,94.40950775146484,0,40.0,10.0
LGK_LIPST_Klesmith_2015,7890,0.4572312354082342,0.9600408052741133,0.1761723700887199,97.27772521972656,1,40.0,10.0
LYAM1_HUMAN_Elazar_2016,359,0.4721907839507892,0.794448380782813,0.3611111111111111,85.28120422363281,0,40.0,10.0
MAFG_MOUSE_Tsuboyama_2023_1K1V,1429,0.8017554244234294,0.9562293923109619,0.43356643356643354,94.05194854736328,0,40.0,10.0
MBD11_ARATH_Tsuboyama_2023_6ACV,2116,0.7928440782586669,0.937266213729807,0.3867924528301887,83.3412094116211,1,40.0,10.0
MET_HUMAN_Estevam_2023,5393,0.5830085126666734,0.9237781958527131,0.15925925925925927,90.19418334960938,1,40.0,10.0
MK01_HUMAN_Brenan_2016,6809,0.206919531572895,0.758777336529923,0.09104258443465492,90.79547119140625,4,40.0,10.0
MLAC_ECOLI_MacRae_2023,4007,0.3259159028469363,0.9684907239467612,0.11970074812967581,91.4463119506836,4,40.0,10.0
MSH2_HUMAN_Jia_2020,16749,0.3576587489150204,0.8632449256675366,0.11880597014925373,87.88512420654297,1,40.0,10.0
MTH3_HAEAE_RockahShmuel_2015,1777,0.527081937047638,0.8955052802625733,0.14606741573033707,93.53160858154297,0,40.0,10.0
MTHR_HUMAN_Weile_2021,12464,0.3859642043844043,0.9680868757066621,0.13151563753007217,87.88263702392578,0,40.0,10.0
MYO3_YEAST_Tsuboyama_2023_2BTT,3297,0.6876266738040695,0.909769023538187,0.43636363636363634,96.45196533203125,0,40.0,10.0
NCAP_I34A1_Doud_2015,9462,0.27418569413616395,0.8039130401910352,0.14044350580781415,86.4947280883789,4,40.0,10.0
NKX31_HUMAN_Tsuboyama_2023_2L9R,2482,0.6557770138972137,0.9553858354772495,0.43775100401606426,92.04705047607422,0,40.0,10.0
NPC1_HUMAN_Erwood_2022_HEK293T,637,0.667339167013858,0.9574452110347246,0.28125,86.25049591064453,2,40.0,10.0
NPC1_HUMAN_Erwood_2022_RPE1,63,0.7784178187403995,0.9780351884986643,0.42857142857142855,86.25049591064453,4,40.0,10.0
NRAM_I33A0_Jiang_2016,298,0.5818257545715964,0.943407545342625,0.26666666666666666,92.3857421875,2,40.0,10.0
NUD15_HUMAN_Suiter_2020,2844,0.661472104541113,0.9395072469157046,0.1824561403508772,95.50664520263672,2,40.0,10.0
NUSA_ECOLI_Tsuboyama_2023_1WCL,2028,0.8211925711018173,0.9279890930023355,0.30049261083743845,95.7746353149414,3,40.0,10.0
NUSG_MYCTU_Tsuboyama_2023_2MI6,1380,0.6875728065480983,0.930772167684207,0.2608695652173913,91.931640625,3,40.0,10.0
OBSCN_HUMAN_Tsuboyama_2023_1V1C,3197,0.7937067155014296,0.9443279733757252,0.59375,94.0158462524414,1,40.0,10.0
ODP2_GEOSE_Tsuboyama_2023_1W4G,1134,0.19714297111328888,0.9287209776852237,0.2719298245614035,90.46794891357422,0,40.0,10.0
OPSD_HUMAN_Wan_2019,165,0.654809927069698,0.7911609312767865,0.4117647058823529,87.75,2,40.0,10.0
OTC_HUMAN_Lo_2023,1570,0.620438378302921,0.9076896542174928,0.3375796178343949,91.49287414550781,2,40.0,10.0
OTU7A_HUMAN_Tsuboyama_2023_2L2D,635,0.7242483691681267,0.9456693962465583,0.375,91.68928527832031,4,40.0,10.0
OXDA_RHOTO_Vanella_2023_activity,6396,0.35370065313574367,0.9040272999707839,0.1375,96.30146026611328,3,40.0,10.0
OXDA_RHOTO_Vanella_2023_expression,6769,0.4006760377301924,0.9587401079006861,0.14771048744460857,96.30146026611328,4,40.0,10.0
P53_HUMAN_Giacomelli_2018_Null_Etoposide,7467,0.4220181664445808,0.9260436794731277,0.06961178045515395,72.57445526123047,1,40.0,10.0
P53_HUMAN_Giacomelli_2018_Null_Nutlin,7467,0.40394031679376685,0.7658069969039685,0.06559571619812583,72.60610961914062,1,40.0,10.0
P53_HUMAN_Giacomelli_2018_WT_Nutlin,7467,0.3771348138807473,0.856547393318284,0.05488621151271754,72.60610961914062,0,40.0,10.0
P53_HUMAN_Kotler_2018,1048,0.6122381215828919,0.8687297796324107,0.17142857142857143,73.35628509521484,2,40.0,10.0
P84126_THETH_Chan_2017,1519,0.6923741633034952,0.942958485012312,0.3618421052631579,97.42200469970703,4,40.0,10.0
PABP_YEAST_Melamed_2013,37708,0.7161717472095279,0.9456433740233001,0.23601166799257492,81.49758911132812,4,40.0,10.0
PAI1_HUMAN_Huttinger_2021,5345,0.42378098290398153,0.8793768286998155,0.22429906542056074,88.6141586303711,1,40.0,10.0
PA_I34A1_Wu_2015,1820,0.26292009480395556,0.4058126704420939,0.0989010989010989,92.30169677734375,0,40.0,10.0
PHOT_CHLRE_Chen_2023,167529,0.4383121561554397,0.9723320283017176,0.34304303706798783,94.02269744873047,0,40.0,10.0
PIN1_HUMAN_Tsuboyama_2023_1I6C,802,0.7700466209860725,0.9500895986318763,0.38271604938271603,87.37641906738281,3,40.0,10.0
PITX2_HUMAN_Tsuboyama_2023_2L7M,1824,0.5332594371131355,0.9238065286032543,0.3442622950819672,96.44596099853516,2,40.0,10.0
PKN1_HUMAN_Tsuboyama_2023_1URF,1301,0.5846721402373382,0.9531677685124936,0.2824427480916031,91.79802703857422,4,40.0,10.0
POLG_CXB3N_Mattenberger_2021,15711,0.20057020403495066,0.826272622053918,0.13994910941475827,73.65873718261719,3,40.0,10.0
POLG_DEN26_Suphatrakul_2023,16897,0.39858292025247316,0.7987880170999361,0.11715976331360947,94.45722198486328,1,40.0,10.0
POLG_HCVJF_Qi_2014,1630,0.47395645141676657,0.7659848096929949,0.19631901840490798,59.816864013671875,1,40.0,10.0
POLG_PESV_Tsuboyama_2023_2MXD,5130,0.8079571066552219,0.9658468487055581,0.7387914230019493,92.0079116821289,2,40.0,10.0
PPARG_HUMAN_Majithia_2016,9576,0.47255204329712486,0.7962345502428929,0.06784968684759916,75.26326751708984,1,40.0,10.0
PPM1D_HUMAN_Miller_2022,7889,0.5168406306401053,0.9565329589881877,0.13814955640050697,66.33952331542969,1,40.0,10.0
PR40A_HUMAN_Tsuboyama_2023_1UZC,2033,0.8605577978795944,0.9557515444767761,0.3382352941176471,84.60904693603516,3,40.0,10.0
PRKN_HUMAN_Clausen_2023,8756,0.6243469001781529,0.9600496300732281,0.16552511415525115,77.1861343383789,0,40.0,10.0
PSAE_SYNP2_Tsuboyama_2023_1PSE,1579,0.7368795901762443,0.8927226594201856,0.27848101265822783,94.00294494628906,3,40.0,10.0
PTEN_HUMAN_Matreyek_2021,5083,0.504461188432173,0.9570023202213462,0.137524557956778,82.80970764160156,2,40.0,10.0
PTEN_HUMAN_Mighell_2018,7260,0.5155595181320992,0.9108702893028132,0.174931129476584,82.80970764160156,2,40.0,10.0
Q2N0S5_9HIV1_Haddox_2018,12729,0.4928072227380459,0.8458640451437028,0.15789473684210525,74.36909484863281,1,40.0,10.0
Q53Z42_HUMAN_McShan_2019_binding-TAPBPR,3344,0.4354771268885614,0.8616786348459691,0.2298507462686567,86.9495620727539,2,40.0,10.0
Q53Z42_HUMAN_McShan_2019_expression,3344,0.5967406988474522,0.7930317522352912,0.3611940298507463,86.9495620727539,1,40.0,10.0
Q59976_STRSQ_Romero_2015,2999,0.5735959023052358,0.9270038907009095,0.21,93.28082275390625,0,40.0,10.0
Q6WV13_9MAXI_Somermeyer_2022,31401,0.2646812336627462,,0.09137217446673034,94.56251525878906,3,40.0,10.0
Q837P4_ENTFA_Meier_2023,697,0.6306104548752284,0.9362082880132707,0.12857142857142856,92.9349365234375,2,40.0,10.0
Q837P5_ENTFA_Meier_2023,747,0.5735621587725793,0.9129591643153631,0.18666666666666668,93.32589721679688,3,40.0,10.0
Q8WTC7_9CNID_Somermeyer_2022,33510,0.2798069878594258,,0.13906296627872278,96.57878112792969,3,40.0,10.0
R1AB_SARS2_Flynn_2022,5725,0.4297740274323955,0.9603848625246608,0.15357766143106458,96.46104431152344,1,40.0,10.0
RAD_ANTMA_Tsuboyama_2023_2CJJ,912,0.6582052293860761,0.9328696368563675,0.30434782608695654,96.37091827392578,0,40.0,10.0
RAF1_HUMAN_Zinkus-Boltz_2019,297,0.3593225545453515,0.9408006776635763,0.13333333333333333,66.6265640258789,0,40.0,10.0
RASH_HUMAN_Bandaru_2017,3134,0.6195826190471427,0.9000535503608766,0.18471337579617833,90.69757843017578,2,40.0,10.0
RASK_HUMAN_Weng_2022_abundance,26012,0.37409394696292164,0.9544288821576743,0.1840891621829362,91.29084777832031,2,40.0,10.0
RASK_HUMAN_Weng_2022_binding-DARPin_K55,24873,0.6902279741322462,0.9824537730071387,0.2652733118971061,91.29084777832031,0,40.0,10.0
RBP1_HUMAN_Tsuboyama_2023_2KWH,1332,0.5327776753009094,0.9167447868847562,0.2835820895522388,90.16635131835938,3,40.0,10.0
RCD1_ARATH_Tsuboyama_2023_5OAO,1261,0.5935095766716333,0.9355799652336833,0.25196850393700787,91.55631256103516,3,40.0,10.0
RCRO_LAMBD_Tsuboyama_2023_1ORC,2278,0.7899089203038607,0.9643123209752119,0.5263157894736842,96.88109588623047,1,40.0,10.0
RD23A_HUMAN_Tsuboyama_2023_1IFY,1019,0.6280123396821764,0.9355520769609638,0.35294117647058826,92.13726806640625,3,40.0,10.0
RDRP_I33A0_Li_2023,12003,0.2945407640962421,0.8901303454185929,0.12073272273105745,91.9081802368164,3,40.0,10.0
REV_HV1H2_Fernandes_2016,2147,0.3364081308192653,0.9336641817532043,0.07906976744186046,73.66948699951172,2,40.0,10.0
RFAH_ECOLI_Tsuboyama_2023_2LCL,1326,0.4741293731238923,0.8706972389586549,0.3458646616541353,94.97654724121094,0,40.0,10.0
RL20_AQUAE_Tsuboyama_2023_1GYZ,1461,0.8190466473455352,0.9739522538738228,0.24489795918367346,91.87373352050781,3,40.0,10.0
RL40A_YEAST_Mavor_2016,1253,0.6276744590081043,0.9663438601612927,0.1349206349206349,93.58695983886719,2,40.0,10.0
RL40A_YEAST_Roscoe_2013,1195,0.7282028521865145,0.9884908721759846,0.21666666666666667,93.58695983886719,1,40.0,10.0
RL40A_YEAST_Roscoe_2014,1380,0.7077372966484441,0.9875707016714944,0.18115942028985507,93.58695983886719,3,40.0,10.0
RNC_ECOLI_Weeks_2023,4277,0.5516647059626022,0.9853449581253474,0.14485981308411214,94.75788116455078,1,40.0,10.0
RPC1_BP434_Tsuboyama_2023_1R69,1459,0.7539055265962208,0.9189176631852882,0.3424657534246575,97.82327270507812,0,40.0,10.0
RPC1_LAMBD_Li_2019_high-expression,351,0.5187698412698413,0.8919136804737926,0.16666666666666666,84.93202209472656,4,40.0,10.0
RPC1_LAMBD_Li_2019_low-expression,351,0.6226692751692752,0.907417125106282,0.2222222222222222,84.93202209472656,0,40.0,10.0
RS15_GEOSE_Tsuboyama_2023_1A32,1195,0.6325681035282344,0.9457791554897359,0.25833333333333336,97.21444702148438,4,40.0,10.0
S22A1_HUMAN_Yee_2023_abundance,9803,0.639797220115099,0.9194534518623668,0.20591233435270132,84.2315902709961,4,40.0,10.0
S22A1_HUMAN_Yee_2023_activity,10094,0.5773396191412508,0.9303527140812514,0.17524752475247524,84.20721435546875,1,40.0,10.0
SAV1_MOUSE_Tsuboyama_2023_2YSB,965,0.5360729445437882,0.9283426939394763,0.4845360824742268,85.69256591796875,0,40.0,10.0
SBI_STAAM_Tsuboyama_2023_2JVG,1025,0.6561221205962059,0.9275390196184368,0.33980582524271846,94.14786529541016,1,40.0,10.0
SC6A4_HUMAN_Young_2021,11576,0.5010899818647995,0.8972040397660375,0.14075993091537134,82.24647521972656,3,40.0,10.0
SCIN_STAAR_Tsuboyama_2023_2QFF,1212,0.5541454226637523,0.9078656533338777,0.39344262295081966,97.07656860351562,2,40.0,10.0
SCN5A_HUMAN_Glazer_2019,224,0.16751753293736535,,0.13043478260869565,69.37393951416016,0,40.0,10.0
SDA_BACSU_Tsuboyama_2023_1PV0,2770,0.7258108916911331,0.9564341729087086,0.5884476534296029,94.91272735595703,4,40.0,10.0
SERC_HUMAN_Xie_2023,1914,0.4823017316863448,0.9716757159069535,0.140625,97.85810852050781,0,40.0,10.0
SHOC2_HUMAN_Kwon_2022,10972,0.35975141039623704,0.9108217484811646,0.16939890710382513,88.02391052246094,1,40.0,10.0
SOX30_HUMAN_Tsuboyama_2023_7JJK,1010,0.4055943958613452,0.9193762241117959,0.19801980198019803,86.73104858398438,3,40.0,10.0
SPA_STAAU_Tsuboyama_2023_1LP1,2105,0.6173416641765584,0.9388736835482531,0.47393364928909953,94.45036315917969,3,40.0,10.0
SPG1_STRSG_Olson_2014,536962,0.7429500005925311,0.9541975511458696,0.35575544257593533,66.10343933105469,2,40.0,10.0
SPG1_STRSG_Wu_2016,149360,0.24624220734879823,0.4788638756929259,0.3697777182645956,66.10343933105469,4,40.0,10.0
SPG2_STRSG_Tsuboyama_2023_5UBS,1451,0.7218261361598676,0.8980459816730709,0.2945205479452055,94.88750457763672,2,40.0,10.0
SPIKE_SARS2_Starr_2020_binding,3802,0.549191151737251,0.9544258487114218,0.2073490813648294,82.03885650634766,4,40.0,10.0
SPIKE_SARS2_Starr_2020_expression,3798,0.6047054796720878,0.9255907935933462,0.16842105263157894,82.03885650634766,0,40.0,10.0
SPTN1_CHICK_Tsuboyama_2023_1TUD,3201,0.7618347285582405,0.9376078903859235,0.5794392523364486,95.44417572021484,1,40.0,10.0
SQSTM_MOUSE_Tsuboyama_2023_2RRU,707,0.6647796432237042,0.8937158855272285,0.22535211267605634,91.72450256347656,4,40.0,10.0
SR43C_ARATH_Tsuboyama_2023_2N88,1583,0.6736529698217487,0.9454161831492537,0.4716981132075472,93.91854095458984,1,40.0,10.0
SRBS1_HUMAN_Tsuboyama_2023_2O2W,1556,0.801764700607843,0.9394805246924687,0.28846153846153844,95.55416870117188,3,40.0,10.0
SRC_HUMAN_Ahler_2019,3372,0.6223911270562567,0.708295800456233,0.26331360946745563,83.25090789794922,0,40.0,10.0
SRC_HUMAN_Chakraborty_2023_binding-DAS_25uM,3637,0.5373672997557039,0.7873495027572581,0.1978021978021978,83.21932983398438,4,40.0,10.0
SRC_HUMAN_Nguyen_2022,3366,0.5267394298947484,0.873888067987749,0.2166172106824926,83.21932983398438,2,40.0,10.0
SUMO1_HUMAN_Weile_2017,1700,0.4954391325557755,0.9281467925900632,0.21176470588235294,76.82415771484375,1,40.0,10.0
SYUA_HUMAN_Newberry_2020,2497,0.51043257128114,0.9833423135879407,0.156,76.9334945678711,0,40.0,10.0
TADBP_HUMAN_Bolognesi_2019,1196,0.49911075810178657,0.9648843435704106,0.4166666666666667,64.4343490600586,2,40.0,10.0
TAT_HV1BR_Fernandes_2016,1577,0.4168095224451655,0.9138817936679107,0.12658227848101267,75.85243225097656,4,40.0,10.0
TCRG1_MOUSE_Tsuboyama_2023_1E0L,1058,0.6886294567477866,0.9232483592802635,0.08490566037735849,81.7918930053711,2,40.0,10.0
THO1_YEAST_Tsuboyama_2023_2WQG,1279,0.5547091170295162,0.917836520928,0.3515625,84.43780517578125,2,40.0,10.0
TNKS2_HUMAN_Tsuboyama_2023_5JRT,1479,0.5955867757351041,0.9471584760535513,0.3581081081081081,96.7237319946289,3,40.0,10.0
TPK1_HUMAN_Weile_2017,3181,0.24910350969376444,0.8862138628769343,0.14106583072100312,97.90198516845703,4,40.0,10.0
TPMT_HUMAN_Matreyek_2018,3648,0.5557462280265997,0.9569312268830962,0.16164383561643836,94.65933990478516,4,40.0,10.0
TPOR_HUMAN_Bridgford_2020,562,0.5199400783417745,0.9114996355741773,0.2807017543859649,72.46876525878906,1,40.0,10.0
TRPC_SACS2_Chan_2017,1519,0.601478903526486,0.9336116234633433,0.34210526315789475,97.0650405883789,0,40.0,10.0
TRPC_THEMA_Chan_2017,1519,0.4784934978384568,0.8738355657712584,0.3157894736842105,96.08345031738281,1,40.0,10.0
UBC9_HUMAN_Weile_2017,2563,0.40293654530055234,0.7637268245336872,0.14396887159533073,96.71868133544922,1,40.0,10.0
UBE4B_HUMAN_Tsuboyama_2023_3L1X,3622,0.5214832803730352,0.8996784017596261,0.5482093663911846,96.4930419921875,4,40.0,10.0
UBE4B_MOUSE_Starita_2013,899,0.43099540201992936,0.6656251522177492,0.14444444444444443,78.84283447265625,4,40.0,10.0
UBR5_HUMAN_Tsuboyama_2023_1I2T,1453,0.71883941243029,0.9478220071424355,0.23972602739726026,96.64189910888672,0,40.0,10.0
VG08_BPP22_Tsuboyama_2023_2GP8,723,0.6056593240402838,0.8936570115330957,0.2602739726027397,85.30674743652344,3,40.0,10.0
VILI_CHICK_Tsuboyama_2023_1YU5,2568,0.8157425594851765,0.9608406605804537,0.5369649805447471,96.90999603271484,0,40.0,10.0
VKOR1_HUMAN_Chiasson_2020_abundance,2695,0.599793482300757,0.9627925548430329,0.24444444444444444,86.00263977050781,2,40.0,10.0
VKOR1_HUMAN_Chiasson_2020_activity,697,0.302028190990636,0.9257861178799732,0.14285714285714285,86.00263977050781,4,40.0,10.0
VRPI_BPT7_Tsuboyama_2023_2WNM,1047,0.6622881412462371,0.9257953426504737,0.24761904761904763,83.9198226928711,1,40.0,10.0
YAIA_ECOLI_Tsuboyama_2023_2KVT,1890,0.7923863954480689,0.9462915615117609,0.544973544973545,94.32962036132812,0,40.0,10.0
YAP1_HUMAN_Araya_2012,10075,0.549708581546326,0.4232259510305808,0.33134920634920634,55.185630798339844,0,40.0,10.0
YNZC_BACSU_Tsuboyama_2023_2JVD,2300,0.7188891471558344,0.9613225940671997,0.5782608695652174,95.03306579589844,4,40.0,10.0
